{"inputUnits":[63],"outputUnits":8,"inputs":{"0":{"dtype":"number","min":0,"max":0},"1":{"dtype":"number","min":0,"max":0},"2":{"dtype":"number","min":0,"max":0},"3":{"dtype":"number","min":-0.0568980872631073,"max":0.06687980890274048},"4":{"dtype":"number","min":-0.10172271728515625,"max":0.0955033004283905},"5":{"dtype":"number","min":-0.03417205212559793,"max":0.006586998368760533},"6":{"dtype":"number","min":-0.1073576807975769,"max":0.12251332402229309},"7":{"dtype":"number","min":-0.19135963916778564,"max":0.18624234199523926},"8":{"dtype":"number","min":-0.04906473733205985,"max":-0.0010642978426460559},"9":{"dtype":"number","min":-0.13557177782058716,"max":0.16353702545166016},"10":{"dtype":"number","min":-0.26765161752700806,"max":0.24872630834579468},"11":{"dtype":"number","min":-0.0629009460629959,"max":-0.011291277927199417},"12":{"dtype":"number","min":-0.17014244198799133,"max":0.20389801263809204},"13":{"dtype":"number","min":-0.3267017900943756,"max":0.3038782477378845},"14":{"dtype":"number","min":-0.07664270750899504,"max":-0.011991574999285604},"15":{"dtype":"number","min":-0.14237922430038452,"max":0.16961437463760376},"16":{"dtype":"number","min":-0.25620323419570923,"max":0.15042340755462646},"17":{"dtype":"number","min":-0.04249769288476557,"max":0.008841102634654874},"18":{"dtype":"number","min":-0.21473237872123718,"max":0.22900331020355225},"19":{"dtype":"number","min":-0.3576399087905884,"max":0.16482701897621155},"20":{"dtype":"number","min":-0.06135055262025446,"max":-0.01148958292250768},"21":{"dtype":"number","min":-0.19727322459220886,"max":0.2145456075668335},"22":{"dtype":"number","min":-0.42189711332321167,"max":0.16362449526786804},"23":{"dtype":"number","min":-0.07584911563476027,"max":-0.027409598365181864},"24":{"dtype":"number","min":-0.16774266958236694,"max":0.2255728840827942},"25":{"dtype":"number","min":-0.4778496325016022,"max":0.16274571418762207},"26":{"dtype":"number","min":-0.08691252962501039,"max":-0.0307094563494843},"27":{"dtype":"number","min":-0.14163661003112793,"max":0.1740320324897766},"28":{"dtype":"number","min":-0.2670244574546814,"max":0.10079365968704224},"29":{"dtype":"number","min":-0.04982084020340949,"max":0.008456702967272633},"30":{"dtype":"number","min":-0.22116267681121826,"max":0.23396003246307373},"31":{"dtype":"number","min":-0.3772529661655426,"max":0.11625984311103821},"32":{"dtype":"number","min":-0.0643348715024814,"max":-0.009316337038029587},"33":{"dtype":"number","min":-0.19748663902282715,"max":0.23086094856262207},"34":{"dtype":"number","min":-0.44931089878082275,"max":0.10830703377723694},"35":{"dtype":"number","min":-0.06818986735959243,"max":-0.023958760942093704},"36":{"dtype":"number","min":-0.16578137874603271,"max":0.228951096534729},"37":{"dtype":"number","min":-0.5100564658641815,"max":0.10620597004890442},"38":{"dtype":"number","min":-0.08164829812665175,"max":-0.017759123739239158},"39":{"dtype":"number","min":-0.13411188125610352,"max":0.17009487748146057},"40":{"dtype":"number","min":-0.2549208402633667,"max":0.050238728523254395},"41":{"dtype":"number","min":-0.060431323790197666,"max":0.003097854246483678},"42":{"dtype":"number","min":-0.2149261236190796,"max":0.22521620988845825},"43":{"dtype":"number","min":-0.3607712388038635,"max":0.0653795599937439},"44":{"dtype":"number","min":-0.07142353536491441,"max":-0.013160773861123687},"45":{"dtype":"number","min":-0.19024956226348877,"max":0.2241228222846985},"46":{"dtype":"number","min":-0.4269612729549408,"max":0.05735012888908386},"47":{"dtype":"number","min":-0.07324267975707244,"max":-0.01151601140549019},"48":{"dtype":"number","min":-0.15964120626449585,"max":0.21351522207260132},"49":{"dtype":"number","min":-0.4833669364452362,"max":0.05582788586616516},"50":{"dtype":"number","min":-0.08443442783971022,"max":0.004926564552135915},"51":{"dtype":"number","min":-0.13107863068580627,"max":0.1563507616519928},"52":{"dtype":"number","min":-0.22444063425064087,"max":0.03543651103973389},"53":{"dtype":"number","min":-0.07121646761262923,"max":-0.004888573969616061},"54":{"dtype":"number","min":-0.19855451583862305,"max":0.20693433284759521},"55":{"dtype":"number","min":-0.312677264213562,"max":0.03141367435455322},"56":{"dtype":"number","min":-0.07609279187326479,"max":-0.01604377788574851},"57":{"dtype":"number","min":-0.17886009812355042,"max":0.2085089087486267},"58":{"dtype":"number","min":-0.36188173294067383,"max":0.031941890716552734},"59":{"dtype":"number","min":-0.07990106247086715,"max":-0.004813721488915235},"60":{"dtype":"number","min":-0.15259376168251038,"max":0.20163500308990479},"61":{"dtype":"number","min":-0.4158066511154175,"max":0.02986806631088257},"62":{"dtype":"number","min":-0.08755111746211242,"max":0.011479291048146933}},"outputs":{"label":{"dtype":"string","min":0,"max":1,"uniqueValues":["openHandL","fistL","thumbsUpL","thumbsDownL","openHandR","fistR","thumbsUpR","thumbsDownR"],"legend":{"openHandL":[1,0,0,0,0,0,0,0],"fistL":[0,1,0,0,0,0,0,0],"thumbsUpL":[0,0,1,0,0,0,0,0],"thumbsDownL":[0,0,0,1,0,0,0,0],"openHandR":[0,0,0,0,1,0,0,0],"fistR":[0,0,0,0,0,1,0,0],"thumbsUpR":[0,0,0,0,0,0,1,0],"thumbsDownR":[0,0,0,0,0,0,0,1]}}},"isNormalized":true}